Annotation,unet_shuffle_inception_no_progressive
small,0.102419208514805
large,0.2926289755026061
with,0.1173131649370831
without,0.0
