Annotation,unet_shuffle_inception_no_progressive
small,18.26287785816613
large,41.1210790061751
with,18.98555375472583
without,10.0629871626564
