Annotation,unet_shuffle_inception_no_progressive
small,262059.2845795224
large,261670.25518122487
with,262020.202233181
without,262133.94248202516
