Annotation,unet_shuffle_inception_no_progressive
small,11.09214841616632
large,100.32717483794272
with,19.572971748994476
without,0.0
